id,firstName,lastName,firstNameLower,lastNameLower,initials,email,created_at
1,Myong,Morley,myong,morley,m,mmorley@dmail.com,9/4/2020
2,Luna,Lepage,luna,lepage,l,llepage@dmail.com,3/20/2020
3,Mellisa,Mcgranahan,mellisa,mcgranahan,m,mmcgranahan@dmail.com,2/24/2020
4,Zola,Zynda,zola,zynda,z,zzynda@dmail.com,10/2/2020
5,Sanjuana,Shimer,sanjuana,shimer,s,sshimer@dmail.com,7/25/2020
6,Tamie,Tapper,tamie,tapper,t,ttapper@dmail.com,5/19/2020
7,Cathey,Caughman,cathey,caughman,c,ccaughman@dmail.com,5/13/2020
8,Luciana,Lewey,luciana,lewey,l,llewey@dmail.com,6/7/2020
9,Nery,Norcross,nery,norcross,n,nnorcross@dmail.com,1/20/2020
10,Sebrina,Sexton,sebrina,sexton,s,ssexton@dmail.com,5/7/2020
11,Hugo,Haston,hugo,haston,h,hhaston@dmail.com,11/16/2020
12,Rachel,Russel,rachel,russel,r,rrussel@dmail.com,10/11/2020
13,Neta,Nickell,neta,nickell,n,nnickell@dmail.com,8/15/2020
14,Iliana,Italiano,iliana,italiano,i,iitaliano@dmail.com,9/29/2020
15,Dara,Detrick,dara,detrick,d,ddetrick@dmail.com,1/16/2020
16,Coy,Cervone,coy,cervone,c,ccervone@dmail.com,5/15/2020
17,Reina,Retzlaff,reina,retzlaff,r,rretzlaff@dmail.com,8/28/2020
18,Krysten,Kerbs,krysten,kerbs,k,kkerbs@dmail.com,11/12/2020
19,Josefa,Jowett,josefa,jowett,j,jjowett@dmail.com,12/29/2020
20,Chase,Carn,chase,carn,c,ccarn@dmail.com,3/29/2020
21,Larraine,Lenig,larraine,lenig,l,llenig@dmail.com,2/2/2020
22,Seema,Sola,seema,sola,s,ssola@dmail.com,11/14/2020
23,Sylvie,Sweet,sylvie,sweet,s,ssweet@dmail.com,8/31/2020
24,Pearle,Pontiff,pearle,pontiff,p,ppontiff@dmail.com,3/21/2020
25,Minna,Merrow,minna,merrow,m,mmerrow@dmail.com,1/6/2020
26,Debra,Dunton,debra,dunton,d,ddunton@dmail.com,1/22/2020
27,Juliana,Jeffers,juliana,jeffers,j,jjeffers@dmail.com,9/12/2020
28,Breann,Blackwelder,breann,blackwelder,b,bblackwelder@dmail.com,4/4/2020
29,Joseph,Johnosn,joseph,johnosn,j,jjohnosn@dmail.com,2/14/2020
30,Lucas,Lisby,lucas,lisby,l,llisby@dmail.com,3/29/2020
31,Nan,Nosal,nan,nosal,n,nnosal@dmail.com,1/10/2020
32,Rhoda,Rawlinson,rhoda,rawlinson,r,rrawlinson@dmail.com,2/7/2020
33,Natalya,Nisbett,natalya,nisbett,n,nnisbett@dmail.com,9/11/2020
34,Florence,Facio,florence,facio,f,ffacio@dmail.com,2/16/2020
35,Bennett,Balderas,bennett,balderas,b,bbalderas@dmail.com,2/8/2020
36,Miles,Martina,miles,martina,m,mmartina@dmail.com,1/18/2020
37,Chiquita,Crawley,chiquita,crawley,c,ccrawley@dmail.com,7/11/2020
38,Diamond,Deardorff,diamond,deardorff,d,ddeardorff@dmail.com,11/23/2020
39,Shay,Sohn,shay,sohn,s,ssohn@dmail.com,8/11/2020
40,Reatha,Rigsby,reatha,rigsby,r,rrigsby@dmail.com,2/3/2020
41,Allen,Abram,allen,abram,a,aabram@dmail.com,7/6/2020
42,Cherilyn,Corbett,cherilyn,corbett,c,ccorbett@dmail.com,1/21/2020
43,Dina,Degroot,dina,degroot,d,ddegroot@dmail.com,1/29/2020
44,Mirna,Munroe,mirna,munroe,m,mmunroe@dmail.com,3/9/2020
45,Nestor,Nicastro,nestor,nicastro,n,nnicastro@dmail.com,10/8/2020
46,Marcos,Moncada,marcos,moncada,m,mmoncada@dmail.com,1/19/2020
47,Irish,In,irish,in,i,iin@dmail.com,5/17/2020
48,Hector,Harpe,hector,harpe,h,hharpe@dmail.com,12/28/2020
49,Angella,Ayres,angella,ayres,a,aayres@dmail.com,3/28/2020
50,Christopher,Crittenden,christopher,crittenden,c,ccrittenden@dmail.com,1/5/2020